[{"name":"Walking","length":9,"uuid":"34323351-F882-4343-A4AF-ADE0D65D0848","keyframes":[{"bones":{"root":{"position":[0,0,0],"rotation":[0,0,0,1],"scale":[1,1,1]},"LeftLeg":{"position":[0,0,0],"rotation":[0,0,0,1],"scale":[1,1,1]},"RightLeg":{"position":[0,0,0],"rotation":[0,0,0,1],"scale":[1,1,1]},"Pants":{"position":[0,0,0],"rotation":[0,0,0,1],"scale":[1,1,1]},"Shirt":{"position":[0,0,0],"rotation":[0,0,0,1],"scale":[1,1,1]},"RightArm":{"position":[0,0,0],"rotation":[0,0,0,1],"scale":[1,1,1]},"LeftArm":{"position":[0,0,0],"rotation":[0,0,0,1],"scale":[1,1,1]},"Neck":{"position":[0,0,0],"rotation":[0,0,0,1],"scale":[1,1,1]},"Head":{"position":[0,0,0],"rotation":[0,0,0,1],"scale":[1,1,1]}},"index":0},{"bones":{},"index":1},{"bones":{"RightArm":{"position":[-0.10441518314890996,3.926502819727707,2.654086633627019],"rotation":[0.7035403251647949,0,0,0.7106553912162781]}},"index":2},{"bones":{},"index":3},{"bones":{},"index":4},{"bones":{},"index":5},{"bones":{},"index":6},{"bones":{},"index":7},{"bones":{"LeftLeg":{"position":[0,0,0]},"RightLeg":{"position":[0,-0.00027640750382627866,0]},"RightArm":{"position":[0,0,0]},"LeftArm":{"position":[-0.008206563073844542,0,0]},"Shirt":{"position":[0,0,0]},"Pants":{"position":[0,0,0]},"Neck":{"position":[0,0,-1.3991585667838535e-13]},"Head":{"position":[0,0,-8.326672684688674e-17]}},"index":8}],"autoLoop":false}]