[{"name":"unnamed1","length":1,"uuid":"B24A6A02-194E-4A88-8B98-7EAFE88737D3","keyframes":[{"bones":{"root":{"position":[0,0,0],"rotation":[0,0,0,1],"scale":[1,1,1]},"Right arm":{"position":[0,0,0],"rotation":[0,0,0,1],"scale":[1,1,1,1]},"Body":{"position":[0,0,0],"rotation":[0,0,0,1],"scale":[1,1,1,1]},"Right leg":{"position":[0,0,0],"rotation":[0,0,0,1],"scale":[1,1,1]},"Left leg":{"position":[0,0,0],"rotation":[0,0,0,1],"scale":[1,1,1]},"Left arm":{"position":[0,0,0],"rotation":[0,0,0,1],"scale":[1,1,1,1]}},"index":0}],"autoLoop":false}]