[{"name":"Moving","length":30,"uuid":"24DC3475-CEEE-49A1-92AA-E0BD6590692E","keyframes":[{"bones":{"root":{"position":[0,0,0],"rotation":[0,0,0,1],"scale":[1,1,1,1]},"LeftLeg":{"position":[0,0,0],"rotation":[0,0,0,1],"scale":[1,1,1,1]},"RightLeg":{"position":[0,0,0],"rotation":[0,0,0,1],"scale":[1,1,1,1]},"Pants":{"position":[0,0,0],"rotation":[0,0,0,1],"scale":[1,1,1,1]},"Shirt":{"position":[0,0,0],"rotation":[0,0,0,1],"scale":[1,1,1,1]},"RightArm":{"position":[0,0,0],"rotation":[0,0,0,1],"scale":[1,1,1,1]},"LeftArm":{"position":[0,0,0],"rotation":[0,0,0,1],"scale":[1,1,1,1]},"Neck":{"position":[0,0,0],"rotation":[0,0,0,1],"scale":[1,1,1,1]},"Head":{"position":[0,0,0],"rotation":[0,0,0,1],"scale":[1,1,1,1]}},"index":0},{"bones":{},"index":1},{"bones":{},"index":2},{"bones":{},"index":3},{"bones":{},"index":4},{"bones":{},"index":5},{"bones":{},"index":6},{"bones":{},"index":7},{"bones":{},"index":8},{"bones":{},"index":9},{"bones":{},"index":10},{"bones":{"RightArm":{"position":[0,2.7470152508530914,2.1568164303338757],"rotation":[0.5106523633003235,0,0,0.85978764295578]},"LeftArm":{"position":[0,-3.0108994072295077,-0.03964366823162007],"rotation":[-0.35622063279151917,0,0,0.9344018697738647]},"RightLeg":{"position":[0.15227432512498734,-2.460964925002787,0.26658390465956316],"rotation":[-0.19748711585998535,0,0,0.9803054332733154]},"LeftLeg":{"position":[-0.013001238102398456,1.1520196489077665,0.12083125831329095],"rotation":[0.12477050721645355,0,0,0.9921857118606567]}},"index":11},{"bones":{},"index":12},{"bones":{},"index":13},{"bones":{},"index":14},{"bones":{},"index":15},{"bones":{},"index":16},{"bones":{},"index":17},{"bones":{},"index":18},{"bones":{},"index":19},{"bones":{},"index":20},{"bones":{"LeftLeg":{"position":[-0.022631784844915834,-2.7544334128054206,0.05837801796842265],"rotation":[-0.21741120517253876,0,0,0.9760803580284119]},"RightLeg":{"position":[0.0676774778333277,0.659938338044663,-0.21680843769520197],"rotation":[0.08662327378988266,0,0,0.99624103307724]},"RightArm":{"position":[0,-2.3044158955373875,0.9166663096104937],"rotation":[-0.28378862142562866,0,0,0.9588871598243713]},"LeftArm":{"position":[0,2.2252396878906273,0.16388319277879196],"rotation":[0.32449787855148315,0,0,0.9458863139152527]}},"index":21},{"bones":{},"index":22},{"bones":{},"index":23},{"bones":{},"index":24},{"bones":{},"index":25},{"bones":{},"index":26},{"bones":{},"index":27},{"bones":{},"index":28},{"bones":{"LeftLeg":{"position":[-0.030336222238929733,0.05662011715344306,0],"rotation":[0.006562383845448494,0,0,0.9999786019325256]},"RightLeg":{"position":[0,0.018873372384556747,0],"rotation":[0.017845511436462402,0,0,0.9998407959938049]},"RightArm":{"position":[0,0.10534846492441831,0],"rotation":[0.006390717811882496,0,0,0.9999798536300659]},"LeftArm":{"position":[0,0.06366250881039075,0],"rotation":[0.015221772715449333,0,0,0.9998841881752014]}},"index":29}],"autoLoop":false},{"name":"unnamed2","length":1,"uuid":"3E370D0C-3CD4-403C-91C7-24B980F1BF45","keyframes":[{"bones":{"root":{"position":[0,0,0],"rotation":[0,0,0,1],"scale":[1,1,1,1]},"LeftLeg":{"position":[0,0,0],"rotation":[0,0,0,1],"scale":[1,1,1,1]},"RightLeg":{"position":[0,0,0],"rotation":[0,0,0,1],"scale":[1,1,1,1]},"Pants":{"position":[0,0,0],"rotation":[0,0,0,1],"scale":[1,1,1,1]},"Shirt":{"position":[0,0,0],"rotation":[0,0,0,1],"scale":[1,1,1,1]},"RightArm":{"position":[0,0,0],"rotation":[0,0,0,1],"scale":[1,1,1,1]},"LeftArm":{"position":[0,0,0],"rotation":[0,0,0,1],"scale":[1,1,1,1]},"Neck":{"position":[0,0,0],"rotation":[0,0,0,1],"scale":[1,1,1,1]},"Head":{"position":[0,0,0],"rotation":[0,0,0,1],"scale":[1,1,1,1]}},"index":0}],"autoLoop":false}]